family,scale,X,H,signed,shiftwiseAbsolute,cancellationRatio,zeroModeContribution,centeredSigned,zeroModeFraction,zeroModeIdentityError
divisor-minus-log,one-third,4096,16,70669.77863744115,1146663.8022252514,0.061630774862080046,87478.90928225347,-16809.130644811008,1.2378545818156388,-1.3133103493601084e-9
lambda-minus-one,one-third,4096,16,-2431.7944911223053,62108.83419863713,0.03915376165884735,3.4138737805823727,-2435.2083649047077,-0.0014038496234140348,1.8198988982476294e-9
local-z11,one-third,4096,16,-2010.18212890625,63347.20068359375,0.03173276967591191,0.11561691761016846,-2010.2977458238602,-0.000057515642959713405,0
lambda-minus-local-correlation,one-third,4096,16,-421.6123622160551,2320.150536820584,0.1817176754374788,3.298256862972204,-424.9106190808484,-0.007822960516708033,1.8210926100437064e-9
divisor-minus-log,five-twelfths,4096,32,166047.2775389564,2350674.1015322506,0.07063815329854574,174946.76886726858,-8899.491328312704,1.0535961291278881,5.329638952389359e-10
lambda-minus-one,five-twelfths,4096,32,-1667.8928860518547,127573.71861093503,0.013073953665476132,5.716506322989749,-1673.6093923759554,-0.003427382160326585,1.1109477782156318e-9
local-z11,five-twelfths,4096,32,-1002.73876953125,129841.06201171875,0.007722817065688729,0.06920868158340454,-1002.8079782128334,-0.00006901965266163739,0
lambda-minus-local-correlation,five-twelfths,4096,32,-665.1541165206038,6063.465591160373,0.1096986709201911,5.647297641406344,-670.8014141631212,-0.0084902092630008,1.1110614650533535e-9
divisor-minus-log,half-over-two,4096,32,166047.2775389564,2350674.1015322506,0.07063815329854574,174946.76886726858,-8899.491328312704,1.0535961291278881,5.329638952389359e-10
lambda-minus-one,half-over-two,4096,32,-1667.8928860518547,127573.71861093503,0.013073953665476132,5.716506322989749,-1673.6093923759554,-0.003427382160326585,1.1109477782156318e-9
local-z11,half-over-two,4096,32,-1002.73876953125,129841.06201171875,0.007722817065688729,0.06920868158340454,-1002.8079782128334,-0.00006901965266163739,0
lambda-minus-local-correlation,half-over-two,4096,32,-665.1541165206038,6063.465591160373,0.1096986709201911,5.647297641406344,-670.8014141631212,-0.0084902092630008,1.1110614650533535e-9
divisor-minus-log,one-third,8192,20,177956.24286209274,3366395.5633157254,0.05286254675514575,218408.3738242675,-40452.13096216969,1.2273150427969148,-5.071342457085848e-9
lambda-minus-one,one-third,8192,20,-6468.635109589358,158769.66723120125,0.04074226029692243,3.230224102962184,-6471.865333696225,-0.0004993671846126508,3.905370249412954e-9
local-z11,one-third,8192,20,-3151.734765625002,160691.871484375,0.01961352952399626,-0.003618192672729492,-3151.7311474323274,0.0000011480003686198478,-2.2737367544323206e-12
lambda-minus-local-correlation,one-third,8192,20,-3316.9003439643593,5453.042699762648,0.6082659767378554,3.2338422956349127,-3320.1341862638988,-0.0009749591366286949,3.904460754711181e-9
divisor-minus-log,five-twelfths,8192,43,448088.39481808286,7399754.373341937,0.060554495758987414,469696.5666117513,-21608.171793659596,1.0482230114494284,-8.818460628390312e-9
lambda-minus-one,five-twelfths,8192,43,-8117.704635726852,347237.3069646175,0.023377973716844955,6.480930688699195,-8124.185566424159,-0.0007983698569391098,8.608367352280766e-9
local-z11,five-twelfths,8192,43,-1663.1542514534895,350682.52598110464,0.0047426208272011335,0.0073810399964798325,-1663.1616324934844,-0.0000044379768082420975,-1.5916157281026244e-12
lambda-minus-local-correlation,five-twelfths,8192,43,-6454.550384273359,14564.470458362788,0.4431709620151149,6.4735496487027175,-6461.02393393068,-0.0010029435457620179,8.618371794000268e-9
divisor-minus-log,half-over-two,8192,45,470213.1245812357,7726750.499692176,0.0608552229815067,491536.17734084936,-21323.05275960495,1.0453476341788708,-8.716597221791744e-9
lambda-minus-one,half-over-two,8192,45,-8903.207500565979,362970.7450510673,0.02452871924792,6.8111147519546185,-8910.018615326542,-0.0007650180849454126,8.609276846982539e-9
local-z11,half-over-two,8192,45,-2223.7357638888893,366490.378125,0.006067651148894373,0.008024406433105471,-2223.743788295321,-0.0000036085251509704175,-1.3642420526593924e-12
lambda-minus-local-correlation,half-over-two,8192,45,-6679.47173667709,15406.683796875499,0.4335437674155225,6.803090345521513,-6686.274827031218,-0.0010185072433446542,8.605638868175447e-9
divisor-minus-log,one-third,16384,25,437978.28879184846,9807948.027853565,0.04465544551704751,546017.0677929668,-108038.77900110974,1.24667610647811,-8.64383764564991e-9
lambda-minus-one,one-third,16384,25,-12384.30491111107,395893.31604278437,0.03128192472381295,1.791422932803468,-12386.096334018352,-0.00014465268302593407,-2.5522240321151912e-8
local-z11,one-third,16384,25,-4960.540625000002,405248.3593749999,0.012240742029530897,-0.0011048126220703134,-4960.539520187381,2.2272020442737788e-7,0
lambda-minus-local-correlation,one-third,16384,25,-7423.764286111067,14701.878673838057,0.5049534451213796,1.792527745425538,-7425.5568138309745,-0.00024145806309868064,-2.5517692847643048e-8
divisor-minus-log,five-twelfths,16384,57,1197732.9386344221,22699570.36157694,0.05276456424311,1244376.2632599357,-46643.324625513626,1.0389430090139236,1.0913936421275139e-10
lambda-minus-one,five-twelfths,16384,57,-9114.494527924495,920334.6495469162,0.00990345689191599,4.7150812177189225,-9119.209609188858,-0.000517316808219382,4.66443452751264e-8
local-z11,five-twelfths,16384,57,-2810.562225877223,931111.674616228,0.0030185017570912103,0.017450131868061266,-2810.5796760090834,-0.00000620876908804778,-7.73070496506989e-12
lambda-minus-local-correlation,five-twelfths,16384,57,-6303.9323020472775,32683.194705423277,0.19287992984973518,4.697631085850859,-6308.62993317976,-0.0007451905986244883,4.6631612349301577e-8
divisor-minus-log,half-over-two,16384,64,1363549.3437484512,25516143.251542468,0.05343869292104024,1397193.0915899177,-33643.747841467746,1.0246736562895322,1.2951204553246498e-9
lambda-minus-one,half-over-two,16384,64,-8905.584937818538,1034288.5119500728,0.008610348887108618,5.578507252790493,-8911.163445124817,-0.0006264054850682242,5.3489202400669456e-8
local-z11,half-over-two,16384,64,-2497.554931640625,1045768.3376464844,0.002388248756183808,0.02306954562664032,-2497.5780011862516,-0.000009236852144623745,0
lambda-minus-local-correlation,half-over-two,16384,64,-6408.030006177902,37278.352122209646,0.17189681521249794,5.555437707163852,-6413.5854439385685,-0.0008669493903442905,5.350284482119605e-8
divisor-minus-log,one-third,32768,32,1173462.476635527,28964660.775571104,0.04051359295135365,1397949.082516588,-224486.6058810599,1.1913027560324672,-1.0477378964424133e-9
lambda-minus-one,one-third,32768,32,-22446.032997899383,1023927.2976797833,0.021921510490795625,1.030674029188309,-22447.063672012373,-0.00004591787017709387,8.380084182135761e-8
local-z11,one-third,32768,32,-7932.69091796875,1040645.5629882812,0.007622855658164259,-0.0000638328492641449,-7932.690854238728,8.046809074529022e-9,1.0282747098244727e-7
lambda-minus-local-correlation,one-third,32768,32,-14513.342079930631,32706.707484002378,0.44374206994175275,1.0307378620375731,-14514.372817773638,-0.00007102002118884114,-1.9032086129300296e-8
divisor-minus-log,five-twelfths,32768,76,3224886.246558181,69549534.00998874,0.04636819343886648,3319551.4508861694,-94665.20432791756,1.0293545871359095,-7.088237907737494e-8
lambda-minus-one,five-twelfths,32768,76,-22143.44079897063,2463916.3257444333,0.008987091228546627,1.3863259062940034,-22144.827124897216,-0.00006260661650914021,2.0292645785957575e-8
local-z11,five-twelfths,32768,76,-5232.964638157904,2485225.721217106,0.002105629518269725,0.0006425772842607998,-5232.965281073819,-1.2279411933633824e-7,3.386303433217108e-7
lambda-minus-local-correlation,five-twelfths,32768,76,-16910.476160812734,73264.15263831224,0.23081514699686417,1.385683329009744,-16911.861843823364,-0.00008194230108202622,-3.1837771530263126e-7
divisor-minus-log,half-over-two,32768,91,3895588.975394418,83475085.47595179,0.04666768477304156,3974594.0796575835,-79005.10426307154,1.020280657113002,-9.396171662956476e-8
lambda-minus-one,half-over-two,32768,91,-21254.51162693201,2956337.9097694224,0.007189473015481421,1.057404233306027,-21255.569031249284,-0.00004974963677670059,8.396818884648383e-8
local-z11,half-over-two,32768,91,-3861.1838942307313,2978529.776270605,0.0012963388598603472,0.001104886715228741,-3861.1849995549337,-2.861523163606972e-7,4.374869604362175e-7
lambda-minus-local-correlation,half-over-two,32768,91,-17393.327732701266,85635.19693144856,0.20310956657955395,1.0562993465907982,-17394.38403169435,-0.00006073014680249171,-3.5350603866390884e-7
