scope,lo,hi,cover,shift,count,sum,local_mean,residual,residual_rate,z
block,0,1000000,5,2,8167,-2773,-0.3333333333333333,-50.66666666666697,-0.006203828415166765,-0.5946580695361896
block,0,1000000,7,2,8168,-1652,-0.2,-18.399999999999864,-0.002252693437806056,-0.20778985592327587
block,0,1000000,11,2,8168,-852,-0.1111111111111111,55.55555555555554,0.006801610621395145,0.6185390832061276
block,0,1000000,13,2,8168,-724,-0.09090909090909091,18.545454545454618,0.0022705012910693703,0.206054299016054
block,0,1000000,17,2,8168,-592,-0.06666666666666667,-47.4666666666667,-0.005811296114920017,-0.5263784730664751
block,0,1000000,19,2,8168,-534,-0.058823529411764705,-53.52941176470591,-0.0065535518810854445,-0.5933176718450099
block,0,1000000,5,6,16385,-5387,-0.3333333333333333,74.66666666666606,0.004557013528633876,0.6186995526143869
block,0,1000000,7,6,16385,-3327,-0.2,-50,-0.003051571559353067,-0.3986678049658708
block,0,1000000,11,6,16384,-1854,-0.1111111111111111,-33.55555555555566,-0.002048068576388895,-0.26378614422067914
block,0,1000000,13,6,16384,-1464,-0.09090909090909091,25.454545454545496,0.0015536221590909116,0.19969051575709212
block,0,1000000,17,6,16384,-1018,-0.06666666666666667,74.26666666666665,0.004532877604166666,0.581501999004767
block,0,1000000,19,6,16385,-947,-0.058823529411764705,16.82352941176464,0.001026764077617616,0.13165779170216918
block,0,1000000,5,8,8241,-2801,-0.3333333333333333,-54,-0.006552602839461231,-0.6309283814326867
block,0,1000000,7,8,8242,-1636,-0.2,12.400000000000091,0.001504489201650096,0.13940224360215256
block,0,1000000,11,8,8240,-896,-0.1111111111111111,19.555555555555543,0.0023732470334412066,0.21677244119614436
block,0,1000000,13,8,8241,-575,-0.09090909090909091,174.18181818181824,0.021136005118531517,1.9267036700847606
block,0,1000000,17,8,8242,-578,-0.06666666666666667,-28.533333333333303,-0.0034619428941195466,-0.3149948510084237
block,0,1000000,19,8,8241,-497,-0.058823529411764705,-12.235294117647072,-0.0014846856106840278,-0.13501348080041045
block,0,1000000,5,12,16377,-5539,-0.3333333333333333,-80,-0.004884899554252916,-0.6630542661673797
block,0,1000000,7,12,16377,-3307,-0.2,-31.59999999999991,-0.0019295353239298962,-0.2520195847138847
block,0,1000000,11,12,16377,-1841,-0.1111111111111111,-21.333333333333485,-0.00130263988113412,-0.16774093547043667
block,0,1000000,13,12,16378,-1400,-0.09090909090909091,88.90909090909099,0.005428568256752411,0.6976181937262346
block,0,1000000,17,12,16376,-1112,-0.06666666666666667,-20.26666666666665,-0.0012375834554632786,-0.15872511836663547
block,0,1000000,19,12,16376,-1164,-0.058823529411764705,-200.70588235294122,-0.012256099313198657,-1.5711182152844276
block,0,1000000,5,18,16450,-5400,-0.3333333333333333,83.33333333333303,0.005065856129685899,0.6891473080249616
block,0,1000000,7,18,16451,-3153,-0.2,137.20000000000027,0.008339918545985063,1.0917478458250793
block,0,1000000,11,18,16450,-1840,-0.1111111111111111,-12.222222222222399,-0.0007429922323539453,-0.09588810601623231
block,0,1000000,13,18,16450,-1376,-0.09090909090909091,119.4545454545455,0.007261674495717052,0.9352372388913516
block,0,1000000,17,18,16451,-1107,-0.06666666666666667,-10.266666666666652,-0.0006240755374546625,-0.08022330696251058
block,0,1000000,19,18,16450,-932,-0.058823529411764705,35.64705882352939,0.00216699445735741,0.27841551244208534
block,0,1000000,5,24,16341,-5481,-0.3333333333333333,-34,-0.0020806560186035126,-0.28210829961485423
block,0,1000000,7,24,16341,-3203,-0.2,65.20000000000027,0.003989963894498518,0.5205622420370999
block,0,1000000,11,24,16342,-1790,-0.1111111111111111,25.7777777777776,0.0015773943077822543,0.2029038970377764
block,0,1000000,13,24,16341,-1497,-0.09090909090909091,-11.454545454545496,-0.0007009696747166939,-0.08997888498407748
block,0,1000000,17,24,16341,-1205,-0.06666666666666667,-115.59999999999991,-0.007074230463251938,-0.9063287757613885
block,0,1000000,19,24,16341,-1017,-0.058823529411764705,-55.76470588235293,-0.0034125638505815388,-0.43699128763869566
block,0,1000000,5,32,8195,-2729,-0.3333333333333333,2.666666666666515,0.0003254016676835284,0.03124427952522717
block,0,1000000,7,32,8196,-1618,-0.2,21.200000000000045,0.00258662762323085,0.23900075316411604
block,0,1000000,11,32,8195,-875,-0.1111111111111111,35.55555555555554,0.00433868890244729,0.39521234860275106
block,0,1000000,13,32,8196,-642,-0.09090909090909091,103.09090909090912,0.012578197790496477,1.1434612631489136
block,0,1000000,17,32,8196,-526,-0.06666666666666667,20.399999999999977,0.0024890190336749607,0.22583770014350438
block,0,1000000,19,32,8196,-376,-0.058823529411764705,106.11764705882354,0.012947492320500676,1.1741925335527785
block,0,1000000,5,36,16440,-5460,-0.3333333333333333,20,0.0012165450121654502,0.1654456490020896
block,0,1000000,7,36,16440,-3286,-0.2,2,0.00012165450121654502,0.015920014997934794
block,0,1000000,11,36,16440,-1960,-0.1111111111111111,-133.33333333333348,-0.00811030008110301,-1.0463701596227348
block,0,1000000,13,36,16441,-1535,-0.09090909090909091,-40.36363636363626,-0.0024550596900210606,-0.3161027196717183
block,0,1000000,17,36,16440,-1070,-0.06666666666666667,26,0.0015815085158150852,0.20323087699441922
block,0,1000000,19,36,16441,-971,-0.058823529411764705,-3.882352941176464,-0.00023613849164749493,-0.030330779862103183
block,0,1000000,5,46,8599,-2813,-0.3333333333333333,53.33333333333303,0.00620227158196686,0.6100297492073723
block,0,1000000,7,46,8598,-1648,-0.2,71.60000000000014,0.00832751802744826,0.788095205467282
block,0,1000000,11,46,8599,-1015,-0.1111111111111111,-59.55555555555566,-0.006925869933196378,-0.6462429550654633
block,0,1000000,13,46,8598,-776,-0.09090909090909091,5.636363636363626,0.0006555435725010033,0.06103828828733127
block,0,1000000,17,46,8599,-659,-0.06666666666666667,-85.73333333333335,-0.009970151568011787,-0.9266014702042009
block,0,1000000,19,46,8599,-481,-0.058823529411764705,24.823529411764696,0.002886792581900767,0.2681589105890755
block,0,1000000,5,48,16500,-5472,-0.3333333333333333,28,0.001696969696969697,0.23120239067653575
block,0,1000000,7,48,16501,-3349,-0.2,-48.79999999999973,-0.0029573965214229276,-0.3877297037529254
block,0,1000000,11,48,16500,-1704,-0.1111111111111111,129.33333333333326,0.007838383838383834,1.013131957662161
block,0,1000000,13,48,16500,-1528,-0.09090909090909091,-28,-0.001696969696969697,-0.21888606879176004
block,0,1000000,17,48,16501,-1181,-0.06666666666666667,-80.9333333333334,-0.004904753247277947,-0.6314508401608733
block,0,1000000,19,48,16500,-770,-0.058823529411764705,200.58823529411768,0.012156862745098041,1.5642860162837042
block,0,1000000,5,54,16443,-5555,-0.3333333333333333,-74,-0.0045003953049930065,-0.6120930559487403
block,0,1000000,7,54,16443,-3253,-0.2,35.600000000000364,0.002165055038618279,0.28335041500251124
block,0,1000000,11,54,16444,-1920,-0.1111111111111111,-92.88888888888891,-0.005648801318954568,-0.7288825447544187
block,0,1000000,13,54,16443,-1511,-0.09090909090909091,-16.181818181818244,-0.000984115926644666,-0.12671815787967747
block,0,1000000,17,54,16443,-1047,-0.06666666666666667,49.200000000000045,0.00299215471629265,0.38454026766061644
block,0,1000000,19,54,16443,-1093,-0.058823529411764705,-125.76470588235293,-0.007648525566037397,-0.9824736889027078
block,0,1000000,5,64,8261,-2805,-0.3333333333333333,-51.333333333333485,-0.006213936972925008,-0.5990449567323143
block,0,1000000,7,64,8260,-1692,-0.2,-40,-0.004842615012106538,-0.4491944183807709
block,0,1000000,11,64,8261,-935,-0.1111111111111111,-17.1111111111112,-0.0020713123243083402,-0.18943464841111352
block,0,1000000,13,64,8261,-725,-0.09090909090909091,26,0.003147318726546423,0.2872493793685643
block,0,1000000,17,64,8261,-573,-0.06666666666666667,-22.26666666666665,-0.002695396037606422,-0.24553089480835932
block,0,1000000,19,64,8260,-542,-0.058823529411764705,-56.117647058823536,-0.006793904002278878,-0.618531906313918
block,1000000,2000000,5,2,6702,-2258,-0.3333333333333333,-24,-0.0035810205908683975,-0.31094622678760186
block,1000000,2000000,7,2,6702,-1274,-0.2,66.40000000000009,0.00990749030140258,0.827809204575756
block,1000000,2000000,11,2,6702,-714,-0.1111111111111111,30.66666666666663,0.00457574853277628,0.37693101748556507
block,1000000,2000000,13,2,6702,-586,-0.09090909090909091,23.272727272727252,0.003472504815387534,0.2854612285426763
block,1000000,2000000,17,2,6702,-440,-0.06666666666666667,6.800000000000011,0.0010146225007460477,0.08324802727557185
block,1000000,2000000,19,2,6702,-428,-0.058823529411764705,-33.76470588235293,-0.005038004458721714,-0.41315540318537824
block,1000000,2000000,5,6,13033,-4383,-0.3333333333333333,-38.66666666666697,-0.0029668277961073406,-0.3592450544275736
block,1000000,2000000,7,6,13033,-2651,-0.2,-44.399999999999636,-0.0034067367451852707,-0.39694026561287216
block,1000000,2000000,11,6,13033,-1511,-0.1111111111111111,-62.888888888888914,-0.00482535785228949,-0.5543055666728717
block,1000000,2000000,13,6,13033,-1225,-0.09090909090909091,-40.181818181818244,-0.003083082803791778,-0.3534349137634308
block,1000000,2000000,17,6,13033,-1085,-0.06666666666666667,-216.13333333333333,-0.01658354433617228,-1.897434547464279
block,1000000,2000000,19,6,13033,-625,-0.058823529411764705,141.6470588235294,0.010868338741926602,1.2429053032494115
block,1000000,2000000,5,8,6602,-2200,-0.3333333333333333,0.6666666666665151,0.0001009795011612413,0.008702564327306851
block,1000000,2000000,7,8,6602,-1374,-0.2,-53.59999999999991,-0.008118751893365634,-0.6732733328395785
block,1000000,2000000,11,8,6602,-644,-0.1111111111111111,89.55555555555554,0.01356491298932983,1.109052967764607
block,1000000,2000000,13,8,6602,-582,-0.09090909090909091,18.181818181818244,0.0027539863953072166,0.2246992447264398
block,1000000,2000000,17,8,6602,-456,-0.06666666666666667,-15.866666666666674,-0.0024033121276380905,-0.19571097831811093
block,1000000,2000000,19,8,6602,-392,-0.058823529411764705,-3.6470588235293917,-0.0005524172710586779,-0.04496324902442871
block,1000000,2000000,5,12,13145,-4407,-0.3333333333333333,-25.33333333333394,-0.0019272220109040653,-0.23436259793483938
block,1000000,2000000,7,12,13145,-2637,-0.2,-8,-0.000608596424496006,-0.07121542579245069
block,1000000,2000000,11,12,13145,-1405,-0.1111111111111111,55.55555555555543,0.004226364059000033,0.48757868936075466
block,1000000,2000000,13,12,13145,-1319,-0.09090909090909091,-124,-0.009433244579688095,-1.086034075868249
block,1000000,2000000,17,12,13145,-847,-0.06666666666666667,29.33333333333337,0.0022315202231520254,0.256417919483327
block,1000000,2000000,19,12,13145,-663,-0.058823529411764705,110.23529411764707,0.008386100731658203,0.9631480450216634
block,1000000,2000000,5,18,13093,-4299,-0.3333333333333333,65.33333333333303,0.004989943735838466,0.6056078471949695
block,1000000,2000000,7,18,13093,-2593,-0.2,25.600000000000364,0.00195524325975715,0.22834145541314088
block,1000000,2000000,11,18,13093,-1393,-0.1111111111111111,61.7777777777776,0.004718382171983319,0.5432631083163625
block,1000000,2000000,13,18,13093,-1147,-0.09090909090909091,43.27272727272725,0.003305027669191725,0.37974909343635327
block,1000000,2000000,17,18,13093,-925,-0.06666666666666667,-52.133333333333326,-0.003981771430026222,-0.4566286534121552
block,1000000,2000000,19,18,13093,-843,-0.058823529411764705,-72.82352941176475,-0.005562020118518655,-0.6375361520640954
block,1000000,2000000,5,24,13194,-4484,-0.3333333333333333,-86,-0.006518114294376232,-0.7941206192896016
block,1000000,2000000,7,24,13194,-2564,-0.2,74.80000000000018,0.00566924359557376,0.6646266346517092
block,1000000,2000000,11,24,13194,-1390,-0.1111111111111111,76,0.005760194027588298,0.6657679253485553
block,1000000,2000000,13,24,13194,-1394,-0.09090909090909091,-194.5454545454545,-0.014744994281147075,-1.7007281905559406
block,1000000,2000000,17,24,13194,-776,-0.06666666666666667,103.60000000000002,0.007852053963922996,0.9039382532124288
block,1000000,2000000,19,24,13194,-676,-0.058823529411764705,100.11764705882354,0.007588119376900374,0.873122282965699
block,1000000,2000000,5,32,6526,-2220,-0.3333333333333333,-44.66666666666697,-0.0068444172029829865,-0.5864571292514889
block,1000000,2000000,7,32,6526,-1286,-0.2,19.200000000000045,0.002942077842476256,0.24257278670437304
block,1000000,2000000,11,32,6526,-744,-0.1111111111111111,-18.888888888888914,-0.0028944052848435355,-0.2352774980159231
block,1000000,2000000,13,32,6526,-538,-0.09090909090909091,55.27272727272725,0.008469618031371017,0.6870517047125427
block,1000000,2000000,17,32,6526,-418,-0.06666666666666667,17.066666666666663,0.0026151803044233315,0.2117348869731741
block,1000000,2000000,19,32,6526,-414,-0.058823529411764705,-30.117647058823536,-0.004615024066629411,-0.3734652365382591
block,1000000,2000000,5,36,13214,-4486,-0.3333333333333333,-81.33333333333394,-0.006155088037939605,-0.750460229107098
block,1000000,2000000,7,36,13214,-2700,-0.2,-57.19999999999982,-0.004328742243075512,-0.5078591261198803
block,1000000,2000000,11,36,13214,-1448,-0.1111111111111111,20.22222222222217,0.0015303634192691215,0.17701466326136708
block,1000000,2000000,13,36,13214,-1318,-0.09090909090909091,-116.72727272727275,-0.008833606230306702,-1.019664382680448
block,1000000,2000000,17,36,13214,-916,-0.06666666666666667,-35.06666666666672,-0.0026537510720952566,-0.3057345951529781
block,1000000,2000000,19,36,13214,-846,-0.058823529411764705,-68.70588235294122,-0.005199476491065629,-0.5987278330581178
block,1000000,2000000,5,46,6857,-2321,-0.3333333333333333,-35.333333333333485,-0.005152885129551333,-0.4525783732124928
block,1000000,2000000,7,46,6857,-1367,-0.2,4.400000000000091,0.0006416800350007425,0.05423129625735922
block,1000000,2000000,11,46,6857,-747,-0.1111111111111111,14.8888888888888,0.0021713415325782122,0.18092256245039298
block,1000000,2000000,13,46,6857,-593,-0.09090909090909091,30.363636363636374,0.004428122555583546,0.3682042262704892
block,1000000,2000000,17,46,6857,-543,-0.06666666666666667,-85.86666666666667,-0.012522483107286958,-1.0392613569278424
block,1000000,2000000,19,46,6857,-373,-0.058823529411764705,30.35294117647061,0.004426562808293803,0.36718622732334183
block,1000000,2000000,5,48,13056,-4352,-0.3333333333333333,0,0,0
block,1000000,2000000,7,48,13056,-2596,-0.2,15.200000000000273,0.0011642156862745306,0.13576971323782194
block,1000000,2000000,11,48,13056,-1618,-0.1111111111111111,-167.33333333333348,-0.012816584967320273,-1.4735840349597438
block,1000000,2000000,13,48,13056,-1234,-0.09090909090909091,-47.09090909090901,-0.003606840463458104,-0.4138415252322263
block,1000000,2000000,17,48,13056,-816,-0.06666666666666667,54.39999999999998,0.004166666666666665,0.47715675771026367
block,1000000,2000000,19,48,13056,-800,-0.058823529411764705,-32,-0.0024509803921568627,-0.28054180384339106
block,1000000,2000000,5,54,13070,-4382,-0.3333333333333333,-25.33333333333394,-0.0019382810507524056,-0.2350340612473964
block,1000000,2000000,7,54,13070,-2564,-0.2,50,0.0038255547054322878,0.4463716399010265
block,1000000,2000000,11,54,13070,-1632,-0.1111111111111111,-179.77777777777783,-0.013754994474198763,-1.5823251464746526
block,1000000,2000000,13,54,13070,-1144,-0.09090909090909091,44.181818181818244,0.0033803992488001715,0.388068017922178
block,1000000,2000000,17,54,13070,-936,-0.06666666666666667,-64.66666666666663,-0.004947717419025756,-0.5669045351686236
block,1000000,2000000,19,54,13070,-722,-0.058823529411764705,46.82352941176464,0.0035825194653224665,0.4102787560371114
block,1000000,2000000,5,64,6539,-2229,-0.3333333333333333,-49.333333333333485,-0.007544476729367409,-0.6470845837136692
block,1000000,2000000,7,64,6539,-1249,-0.2,58.80000000000018,0.008992200642300073,0.742140343426283
block,1000000,2000000,11,64,6539,-753,-0.1111111111111111,-26.444444444444457,-0.004044111399976213,-0.3290609103712611
block,1000000,2000000,13,64,6539,-525,-0.09090909090909091,69.4545454545455,0.010621585174269078,0.862476095342925
block,1000000,2000000,17,64,6539,-393,-0.06666666666666667,42.93333333333334,0.00656573380231432,0.5321158428620643
block,1000000,2000000,19,64,6539,-289,-0.058823529411764705,95.64705882352939,0.014627169112024682,1.1848643390973228
block,2000000,4000000,5,2,11989,-3921,-0.3333333333333333,75.33333333333303,0.006283537687324467,0.7297464073229455
block,2000000,4000000,7,2,11989,-2471,-0.2,-73.19999999999982,-0.00610559679706396,-0.682313531872354
block,2000000,4000000,11,2,11989,-1441,-0.1111111111111111,-108.88888888888891,-0.009082399607047202,-1.0006670558567192
block,2000000,4000000,13,2,11989,-999,-0.09090909090909091,90.90909090909099,0.007582708391783384,0.8337155405653323
block,2000000,4000000,17,2,11989,-749,-0.06666666666666667,50.26666666666665,0.004192732226763421,0.4601038386520864
block,2000000,4000000,19,2,11989,-621,-0.058823529411764705,84.23529411764707,0.007026048387492457,0.770646648441344
block,2000000,4000000,5,6,23805,-7903,-0.3333333333333333,32,0.0013442554085276203,0.2199845328812786
block,2000000,4000000,7,6,23805,-4787,-0.2,-26,-0.0010922075194286915,-0.1719901750620087
block,2000000,4000000,11,6,23805,-2765,-0.1111111111111111,-120,-0.005040957781978576,-0.7826086956521741
block,2000000,4000000,13,6,23805,-2359,-0.09090909090909091,-194.909090909091,-0.0081877374883046,-1.2685280213833663
block,2000000,4000000,17,6,23805,-1415,-0.06666666666666667,172,0.007225372820835959,1.117278917421281
block,2000000,4000000,19,6,23805,-1557,-0.058823529411764705,-156.70588235294122,-0.006582897809407319,-1.0174284645759135
block,2000000,4000000,5,8,11832,-4072,-0.3333333333333333,-128,-0.010818120351588911,-1.248122321981625
block,2000000,4000000,7,8,11832,-2420,-0.2,-53.59999999999991,-0.004530087897227849,-0.5029213731739994
block,2000000,4000000,11,8,11832,-1374,-0.1111111111111111,-59.333333333333485,-0.005014649537976123,-0.5488670795319358
block,2000000,4000000,13,8,11832,-1216,-0.09090909090909091,-140.36363636363626,-0.01186305243100374,-1.2957690203381393
block,2000000,4000000,17,8,11832,-830,-0.06666666666666667,-41.200000000000045,-0.0034820824881676847,-0.3796080254290653
block,2000000,4000000,19,8,11832,-750,-0.058823529411764705,-54,-0.004563894523326572,-0.49729873766455374
block,2000000,4000000,5,12,23776,-8056,-0.3333333333333333,-130.66666666666697,-0.005495737999102749,-0.8988178268526421
block,2000000,4000000,7,12,23776,-4732,-0.2,23.199999999999818,0.0009757738896366007,0.15356172157437
block,2000000,4000000,11,12,23776,-2724,-0.1111111111111111,-82.22222222222217,-0.0034582024824285906,-0.5365588100685516
block,2000000,4000000,13,12,23776,-2204,-0.09090909090909091,-42.545454545454504,-0.001789428606386882,-0.2770676581883875
block,2000000,4000000,17,12,23776,-1618,-0.06666666666666667,-32.933333333333394,-0.0013851502916105902,-0.2140590253715342
block,2000000,4000000,19,12,23776,-1550,-0.058823529411764705,-151.41176470588243,-0.006368260628612148,-0.983655223774956
block,2000000,4000000,5,18,23904,-8026,-0.3333333333333333,-58,-0.0024263721552878178,-0.3978954424626275
block,2000000,4000000,7,18,23904,-4692,-0.2,88.80000000000018,0.0037148594377510117,0.5861949317351433
block,2000000,4000000,11,18,23904,-2662,-0.1111111111111111,-6,-0.000251004016064257,-0.039049320065660066
block,2000000,4000000,13,18,23904,-2252,-0.09090909090909091,-78.90909090909099,-0.0033010831203602324,-0.5124999319772274
block,2000000,4000000,17,18,23904,-1666,-0.06666666666666667,-72.40000000000009,-0.0030287817938420385,-0.46932158209296637
block,2000000,4000000,19,18,23904,-1466,-0.058823529411764705,-59.88235294117658,-0.002505118513268766,-0.38798616899133676
block,2000000,4000000,5,24,23811,-7835,-0.3333333333333333,102,0.004283734408466675,0.7011123471823549
block,2000000,4000000,7,24,23811,-4947,-0.2,-184.80000000000018,-0.0077611188106337485,-1.2222992150234728
block,2000000,4000000,11,24,23811,-2679,-0.1111111111111111,-33.333333333333485,-0.0013999132053812728,-0.21736391301597918
block,2000000,4000000,13,24,23811,-1853,-0.09090909090909091,311.6363636363635,0.013087915821946306,2.0279692835731655
block,2000000,4000000,17,24,23811,-1513,-0.06666666666666667,74.40000000000009,0.0031246062744109903,0.48322719550084026
block,2000000,4000000,19,24,23811,-1291,-0.058823529411764705,109.6470588235295,0.0046048909673482635,0.7118046923463566
block,2000000,4000000,5,32,11874,-3934,-0.3333333333333333,24,0.00202122283981809,0.23360868279044858
block,2000000,4000000,7,32,11874,-2366,-0.2,8.800000000000182,0.0007411150412666483,0.08242302193528467
block,2000000,4000000,11,32,11874,-1460,-0.1111111111111111,-140.66666666666674,-0.011846611644489366,-1.2989432872402087
block,2000000,4000000,13,32,11874,-1090,-0.09090909090909091,-10.545454545454504,-0.0008881130659806724,-0.09717819852343998
block,2000000,4000000,17,32,11874,-752,-0.06666666666666667,39.60000000000002,0.00333501768569985,0.3642201035602457
block,2000000,4000000,19,32,11874,-904,-0.058823529411764705,-205.52941176470586,-0.01730919755471668,-1.8894183742357111
block,2000000,4000000,5,36,23892,-7924,-0.3333333333333333,40,0.0016742005692281935,0.2744795540933217
block,2000000,4000000,7,36,23892,-4746,-0.2,32.400000000000546,0.0013561024610748596,0.21393563999782103
block,2000000,4000000,11,36,23892,-2568,-0.1111111111111111,86.66666666666652,0.0036274345666610797,0.5641873653534871
block,2000000,4000000,13,36,23892,-1836,-0.09090909090909091,336,0.014063284781516826,2.1828057366558986
block,2000000,4000000,17,36,23892,-1522,-0.06666666666666667,70.79999999999995,0.0029633350075339007,0.459065076065003
block,2000000,4000000,19,36,23892,-1248,-0.058823529411764705,157.41176470588243,0.006588471651845071,1.0201490093801795
block,2000000,4000000,5,46,12423,-4213,-0.3333333333333333,-72,-0.005795701521371649,-0.6851655443986537
block,2000000,4000000,7,46,12423,-2609,-0.2,-124.39999999999964,-0.010013684295258765,-1.1391253618137371
block,2000000,4000000,11,46,12423,-1393,-0.1111111111111111,-12.666666666666742,-0.001019614156537611,-0.11435275054669626
block,2000000,4000000,13,46,12423,-1169,-0.09090909090909091,-39.63636363636351,-0.003190562958734888,-0.357094057988607
block,2000000,4000000,17,46,12423,-799,-0.06666666666666667,29.199999999999932,0.0023504789503340524,0.26256501493928236
block,2000000,4000000,19,46,12423,-727,-0.058823529411764705,3.764705882352928,0.0003030432168037453,0.03383533552585932
block,2000000,4000000,5,48,23913,-7973,-0.3333333333333333,-2,-0.00008363651570275582,-0.01371795029627971
block,2000000,4000000,7,48,23913,-4881,-0.2,-98.39999999999964,-0.004114916572575571,-0.6494451082955314
block,2000000,4000000,11,48,23913,-2601,-0.1111111111111111,56,0.002341822439677163,0.3643917292278945
block,2000000,4000000,13,48,23913,-2243,-0.09090909090909091,-69.09090909090901,-0.002889261451549743,-0.4486482079067799
block,2000000,4000000,17,48,23913,-1711,-0.06666666666666667,-116.79999999999995,-0.004884372517040938,-0.7569950867570192
block,2000000,4000000,19,48,23913,-1203,-0.058823529411764705,203.6470588235295,0.008516165216557082,1.319209553492233
block,2000000,4000000,5,54,23776,-7930,-0.3333333333333333,-4.66666666666697,-0.00019627635711082477,-0.03210063667331066
block,2000000,4000000,7,54,23776,-4822,-0.2,-66.80000000000018,-0.0028095558546433453,-0.44215185349862174
block,2000000,4000000,11,54,23776,-2628,-0.1111111111111111,13.777777777777828,0.0005794825781366852,0.08990985466013605
block,2000000,4000000,13,54,23776,-2252,-0.09090909090909091,-90.5454545454545,-0.0038082711366695197,-0.5896568110163123
block,2000000,4000000,17,54,23776,-1690,-0.06666666666666667,-104.9333333333334,-0.004413414087034547,-0.6820423197060616
block,2000000,4000000,19,54,23776,-1172,-0.058823529411764705,226.58823529411757,0.009530124297363626,1.4720434817331496
block,2000000,4000000,5,64,11820,-3848,-0.3333333333333333,92,0.0077834179357022,0.8975431779837546
block,2000000,4000000,7,64,11820,-2322,-0.2,42,0.003553299492385787,0.3942801704269163
block,2000000,4000000,11,64,11820,-1276,-0.1111111111111111,37.33333333333326,0.0031584884376762486,0.3455298293116847
block,2000000,4000000,13,64,11820,-1126,-0.09090909090909091,-51.454545454545496,-0.004353176434394712,-0.4752444676211523
block,2000000,4000000,17,64,11820,-782,-0.06666666666666667,6,0.0005076142131979696,0.05531077732657448
block,2000000,4000000,19,64,11820,-604,-0.058823529411764705,91.29411764705878,0.007723698616502435,0.8411757320234217
block,4000000,8000000,5,2,21758,-7490,-0.3333333333333333,-237.33333333333394,-0.010907865306247539,-1.706575529171827
block,4000000,8000000,7,2,21758,-4366,-0.2,-14.399999999999636,-0.0006618255354352255,-0.09963625360042463
block,4000000,8000000,11,2,21758,-2492,-0.1111111111111111,-74.4444444444448,-0.0034214746044877653,-0.5078323033376929
block,4000000,8000000,13,2,21758,-1974,-0.09090909090909091,4,0.0001838404265097895,0.0272303088534844
block,4000000,8000000,17,2,21758,-1536,-0.06666666666666667,-85.4666666666667,-0.003928057113092504,-0.5807036152559149
block,4000000,8000000,19,2,21758,-1220,-0.058823529411764705,59.88235294117635,0.002752199326278902,0.40666991776613104
block,4000000,8000000,5,6,43481,-14605,-0.3333333333333333,-111.33333333333394,-0.0025605053548293263,-0.566306715210384
block,4000000,8000000,7,6,43481,-8949,-0.2,-252.79999999999927,-0.0058140337158758834,-1.2373475172779789
block,4000000,8000000,11,6,43481,-4819,-0.1111111111111111,12.222222222221717,0.0002810934022267592,0.05897907130971123
block,4000000,8000000,13,6,43481,-3985,-0.09090909090909091,-32.18181818181802,-0.0007401351896648655,-0.15497543968198563
block,4000000,8000000,17,6,43481,-2831,-0.06666666666666667,67.73333333333312,0.001557768527249445,0.3255516770702016
block,4000000,8000000,19,6,43481,-2733,-0.058823529411764705,-175.294117647059,-0.004031510720706953,-0.8421127801032618
block,4000000,8000000,5,8,21719,-7051,-0.3333333333333333,188.66666666666606,0.008686710560645797,1.357849150862151
block,4000000,8000000,7,8,21719,-4335,-0.2,8.800000000000182,0.0004051751922280115,0.06094346502092615
block,4000000,8000000,11,8,21719,-2423,-0.1111111111111111,-9.777777777777828,-0.0004501946580311169,-0.06676022104897557
block,4000000,8000000,13,8,21719,-1771,-0.09090909090909091,203.4545454545455,0.009367583473205281,1.3862754955376164
block,4000000,8000000,17,8,21719,-1449,-0.06666666666666667,-1.066666666666606,-0.00004911214451248244,-0.007253975105747166
block,4000000,8000000,19,8,21719,-1339,-0.058823529411764705,-61.41176470588243,-0.0028275594965644106,-0.4174306576855395
block,4000000,8000000,5,12,43596,-14552,-0.3333333333333333,-20,-0.0004587576841912102,-0.10159747976353661
block,4000000,8000000,7,12,43596,-9024,-0.2,-304.7999999999993,-0.006991467107074027,-1.489896240177818
block,4000000,8000000,11,12,43596,-4966,-0.1111111111111111,-122,-0.002798421873566382,-0.5879413762717227
block,4000000,8000000,13,12,43596,-3806,-0.09090909090909091,157.27272727272748,0.0036075036075036123,0.756366278392915
block,4000000,8000000,17,12,43596,-2620,-0.06666666666666667,286.4000000000001,0.006569410037618132,1.374728516744489
block,4000000,8000000,19,12,43596,-2460,-0.058823529411764705,104.47058823529414,0.0023963342562458518,0.5012142335001141
block,4000000,8000000,5,18,43490,-14786,-0.3333333333333333,-289.33333333333394,-0.006652870391660932,-1.4715669582066724
block,4000000,8000000,7,18,43490,-8458,-0.2,240,0.005518510002299379,1.1745754554624597
block,4000000,8000000,11,18,43490,-4890,-0.1111111111111111,-57.77777777777828,-0.001328530185738751,-0.2787813047277698
block,4000000,8000000,13,18,43490,-3748,-0.09090909090909091,205.63636363636397,0.004728359706515612,0.9901643222950491
block,4000000,8000000,17,18,43490,-2928,-0.06666666666666667,-28.666666666666515,-0.0006591553613857557,-0.1377684405750231
block,4000000,8000000,19,18,43490,-2566,-0.058823529411764705,-7.764705882353155,-0.0001785400294861613,-0.037297780046713844
block,4000000,8000000,5,24,43502,-14442,-0.3333333333333333,58.66666666666606,0.0013485969993716625,0.298341083256277
block,4000000,8000000,7,24,43502,-8616,-0.2,84.39999999999964,0.0019401406831869715,0.4130020602008992
block,4000000,8000000,11,24,43502,-4804,-0.1111111111111111,29.555555555555657,0.0006794068216531574,0.1425876892931883
block,4000000,8000000,13,24,43502,-4120,-0.09090909090909091,-165.27272727272702,-0.0037991983649654504,-0.7956986914162241
block,4000000,8000000,17,24,43502,-2798,-0.06666666666666667,102.13333333333321,0.00234778477617887,0.4907724148717654
block,4000000,8000000,19,24,43502,-2258,-0.058823529411764705,300.9411764705883,0.006917869901857117,1.4453721419878116
block,4000000,8000000,5,32,21716,-7170,-0.3333333333333333,68.66666666666606,0.0031620310677226956,0.49423364917979445
block,4000000,8000000,7,32,21716,-4386,-0.2,-42.80000000000018,-0.0019708970344446573,-0.2964273257517341
block,4000000,8000000,11,32,21716,-2360,-0.1111111111111111,52.88888888888869,0.002435480239864095,0.3611370471783832
block,4000000,8000000,13,32,21716,-2062,-0.09090909090909091,-87.81818181818176,-0.004043939114854566,-0.5984068921898975
block,4000000,8000000,17,32,21716,-1516,-0.06666666666666667,-68.26666666666665,-0.0031436114692699694,-0.46428647333448053
block,4000000,8000000,19,32,21716,-1278,-0.058823529411764705,-0.5882352941175668,-0.00002708764478345767,-0.003998654119577115
block,4000000,8000000,5,36,43821,-14547,-0.3333333333333333,60,0.0013692065448072841,0.30400895015524076
block,4000000,8000000,7,36,43821,-8649,-0.2,115.20000000000073,0.0026288765660300024,0.5616628774661917
block,4000000,8000000,11,36,43821,-4841,-0.1111111111111111,28,0.0006389630542433993,0.13459049961940245
block,4000000,8000000,13,36,43821,-4085,-0.09090909090909091,-101.27272727272702,-0.0023110546832050163,-0.4857954309514294
block,4000000,8000000,17,36,43821,-3077,-0.06666666666666667,-155.5999999999999,-0.003550808972866888,-0.7449647107535821
block,4000000,8000000,19,36,43821,-2225,-0.058823529411764705,352.705882352941,0.00804878670849458,1.6878126528989101
block,4000000,8000000,5,46,22690,-7466,-0.3333333333333333,97.33333333333303,0.004289701777581888,0.6853629291442712
block,4000000,8000000,7,46,22690,-4598,-0.2,-60,-0.002644336712208021,-0.4065354160623664
block,4000000,8000000,11,46,22690,-2378,-0.1111111111111111,143.11111111111086,0.006307232750599861,0.9559905990970404
block,4000000,8000000,13,46,22690,-2044,-0.09090909090909091,18.727272727272975,0.0008253535798709993,0.12484160671252291
block,4000000,8000000,17,46,22690,-1590,-0.06666666666666667,-77.33333333333326,-0.003408256206845891,-0.5145371446361771
block,4000000,8000000,19,46,22690,-1410,-0.058823529411764705,-75.29411764705878,-0.0033183833251237893,-0.5007217747172771
block,4000000,8000000,5,48,43352,-14464,-0.3333333333333333,-13.33333333333394,-0.0003075598203850789,-0.06792199427119608
block,4000000,8000000,7,48,43352,-8586,-0.2,84.39999999999964,0.0019468536630374523,0.4137159466856964
block,4000000,8000000,11,48,43352,-4980,-0.1111111111111111,-163.1111111111113,-0.0037624818027106317,-0.788272712782614
block,4000000,8000000,13,48,43352,-3954,-0.09090909090909091,-12.909090909090992,-0.00029777382610008746,-0.06225771146133489
block,4000000,8000000,17,48,43352,-2790,-0.06666666666666667,100.13333333333321,0.0023097742510918345,0.4819936919651458
block,4000000,8000000,19,48,43352,-2768,-0.058823529411764705,-217.88235294117658,-0.005025889300174769,-1.048262778252079
block,4000000,8000000,5,54,43581,-14537,-0.3333333333333333,-10,-0.00022945779123930153,-0.05080748125465523
block,4000000,8000000,7,54,43581,-8823,-0.2,-106.79999999999927,-0.002450609210435724,-0.522140091030149
block,4000000,8000000,11,54,43581,-4931,-0.1111111111111111,-88.66666666666697,-0.0020345257489884803,-0.4273751854231145
block,4000000,8000000,13,54,43581,-4019,-0.09090909090909091,-57.09090909090901,-0.0013099953899843742,-0.27461257791678145
block,4000000,8000000,17,54,43581,-2987,-0.06666666666666667,-81.59999999999991,-0.0018723755765126984,-0.3917498266977754
block,4000000,8000000,19,54,43581,-2377,-0.058823529411764705,186.58823529411757,0.004281412434182731,0.8953407252209239
block,4000000,8000000,5,64,21712,-7272,-0.3333333333333333,-34.66666666666697,-0.001596659297469923,-0.24953900016095187
block,4000000,8000000,7,64,21712,-4464,-0.2,-121.59999999999945,-0.005600589535740579,-0.8422636213564434
block,4000000,8000000,11,64,21712,-2474,-0.1111111111111111,-61.55555555555566,-0.0028350937525587535,-0.42035368218706565
block,4000000,8000000,13,64,21712,-2028,-0.09090909090909091,-54.18181818181802,-0.0024954779928987665,-0.3692374317590722
block,4000000,8000000,17,64,21712,-1380,-0.06666666666666667,67.4666666666667,0.003107344632768363,0.45888788082392246
block,4000000,8000000,19,64,21712,-1210,-0.058823529411764705,67.17647058823536,0.0030939789327669195,0.45668836247404626
cumulative,0,1000000,5,2,8167,-2773,-0.3333333333333333,-50.66666666666697,-0.006203828415166765,-0.5946580695361896
cumulative,0,1000000,7,2,8168,-1652,-0.2,-18.399999999999864,-0.002252693437806056,-0.20778985592327587
cumulative,0,1000000,11,2,8168,-852,-0.1111111111111111,55.55555555555554,0.006801610621395145,0.6185390832061276
cumulative,0,1000000,13,2,8168,-724,-0.09090909090909091,18.545454545454618,0.0022705012910693703,0.206054299016054
cumulative,0,1000000,17,2,8168,-592,-0.06666666666666667,-47.4666666666667,-0.005811296114920017,-0.5263784730664751
cumulative,0,1000000,19,2,8168,-534,-0.058823529411764705,-53.52941176470591,-0.0065535518810854445,-0.5933176718450099
cumulative,0,1000000,5,6,16385,-5387,-0.3333333333333333,74.66666666666606,0.004557013528633876,0.6186995526143869
cumulative,0,1000000,7,6,16385,-3327,-0.2,-50,-0.003051571559353067,-0.3986678049658708
cumulative,0,1000000,11,6,16384,-1854,-0.1111111111111111,-33.55555555555566,-0.002048068576388895,-0.26378614422067914
cumulative,0,1000000,13,6,16384,-1464,-0.09090909090909091,25.454545454545496,0.0015536221590909116,0.19969051575709212
cumulative,0,1000000,17,6,16384,-1018,-0.06666666666666667,74.26666666666665,0.004532877604166666,0.581501999004767
cumulative,0,1000000,19,6,16385,-947,-0.058823529411764705,16.82352941176464,0.001026764077617616,0.13165779170216918
cumulative,0,1000000,5,8,8241,-2801,-0.3333333333333333,-54,-0.006552602839461231,-0.6309283814326867
cumulative,0,1000000,7,8,8242,-1636,-0.2,12.400000000000091,0.001504489201650096,0.13940224360215256
cumulative,0,1000000,11,8,8240,-896,-0.1111111111111111,19.555555555555543,0.0023732470334412066,0.21677244119614436
cumulative,0,1000000,13,8,8241,-575,-0.09090909090909091,174.18181818181824,0.021136005118531517,1.9267036700847606
cumulative,0,1000000,17,8,8242,-578,-0.06666666666666667,-28.533333333333303,-0.0034619428941195466,-0.3149948510084237
cumulative,0,1000000,19,8,8241,-497,-0.058823529411764705,-12.235294117647072,-0.0014846856106840278,-0.13501348080041045
cumulative,0,1000000,5,12,16377,-5539,-0.3333333333333333,-80,-0.004884899554252916,-0.6630542661673797
cumulative,0,1000000,7,12,16377,-3307,-0.2,-31.59999999999991,-0.0019295353239298962,-0.2520195847138847
cumulative,0,1000000,11,12,16377,-1841,-0.1111111111111111,-21.333333333333485,-0.00130263988113412,-0.16774093547043667
cumulative,0,1000000,13,12,16378,-1400,-0.09090909090909091,88.90909090909099,0.005428568256752411,0.6976181937262346
cumulative,0,1000000,17,12,16376,-1112,-0.06666666666666667,-20.26666666666665,-0.0012375834554632786,-0.15872511836663547
cumulative,0,1000000,19,12,16376,-1164,-0.058823529411764705,-200.70588235294122,-0.012256099313198657,-1.5711182152844276
cumulative,0,1000000,5,18,16450,-5400,-0.3333333333333333,83.33333333333303,0.005065856129685899,0.6891473080249616
cumulative,0,1000000,7,18,16451,-3153,-0.2,137.20000000000027,0.008339918545985063,1.0917478458250793
cumulative,0,1000000,11,18,16450,-1840,-0.1111111111111111,-12.222222222222399,-0.0007429922323539453,-0.09588810601623231
cumulative,0,1000000,13,18,16450,-1376,-0.09090909090909091,119.4545454545455,0.007261674495717052,0.9352372388913516
cumulative,0,1000000,17,18,16451,-1107,-0.06666666666666667,-10.266666666666652,-0.0006240755374546625,-0.08022330696251058
cumulative,0,1000000,19,18,16450,-932,-0.058823529411764705,35.64705882352939,0.00216699445735741,0.27841551244208534
cumulative,0,1000000,5,24,16341,-5481,-0.3333333333333333,-34,-0.0020806560186035126,-0.28210829961485423
cumulative,0,1000000,7,24,16341,-3203,-0.2,65.20000000000027,0.003989963894498518,0.5205622420370999
cumulative,0,1000000,11,24,16342,-1790,-0.1111111111111111,25.7777777777776,0.0015773943077822543,0.2029038970377764
cumulative,0,1000000,13,24,16341,-1497,-0.09090909090909091,-11.454545454545496,-0.0007009696747166939,-0.08997888498407748
cumulative,0,1000000,17,24,16341,-1205,-0.06666666666666667,-115.59999999999991,-0.007074230463251938,-0.9063287757613885
cumulative,0,1000000,19,24,16341,-1017,-0.058823529411764705,-55.76470588235293,-0.0034125638505815388,-0.43699128763869566
cumulative,0,1000000,5,32,8195,-2729,-0.3333333333333333,2.666666666666515,0.0003254016676835284,0.03124427952522717
cumulative,0,1000000,7,32,8196,-1618,-0.2,21.200000000000045,0.00258662762323085,0.23900075316411604
cumulative,0,1000000,11,32,8195,-875,-0.1111111111111111,35.55555555555554,0.00433868890244729,0.39521234860275106
cumulative,0,1000000,13,32,8196,-642,-0.09090909090909091,103.09090909090912,0.012578197790496477,1.1434612631489136
cumulative,0,1000000,17,32,8196,-526,-0.06666666666666667,20.399999999999977,0.0024890190336749607,0.22583770014350438
cumulative,0,1000000,19,32,8196,-376,-0.058823529411764705,106.11764705882354,0.012947492320500676,1.1741925335527785
cumulative,0,1000000,5,36,16440,-5460,-0.3333333333333333,20,0.0012165450121654502,0.1654456490020896
cumulative,0,1000000,7,36,16440,-3286,-0.2,2,0.00012165450121654502,0.015920014997934794
cumulative,0,1000000,11,36,16440,-1960,-0.1111111111111111,-133.33333333333348,-0.00811030008110301,-1.0463701596227348
cumulative,0,1000000,13,36,16441,-1535,-0.09090909090909091,-40.36363636363626,-0.0024550596900210606,-0.3161027196717183
cumulative,0,1000000,17,36,16440,-1070,-0.06666666666666667,26,0.0015815085158150852,0.20323087699441922
cumulative,0,1000000,19,36,16441,-971,-0.058823529411764705,-3.882352941176464,-0.00023613849164749493,-0.030330779862103183
cumulative,0,1000000,5,46,8599,-2813,-0.3333333333333333,53.33333333333303,0.00620227158196686,0.6100297492073723
cumulative,0,1000000,7,46,8598,-1648,-0.2,71.60000000000014,0.00832751802744826,0.788095205467282
cumulative,0,1000000,11,46,8599,-1015,-0.1111111111111111,-59.55555555555566,-0.006925869933196378,-0.6462429550654633
cumulative,0,1000000,13,46,8598,-776,-0.09090909090909091,5.636363636363626,0.0006555435725010033,0.06103828828733127
cumulative,0,1000000,17,46,8599,-659,-0.06666666666666667,-85.73333333333335,-0.009970151568011787,-0.9266014702042009
cumulative,0,1000000,19,46,8599,-481,-0.058823529411764705,24.823529411764696,0.002886792581900767,0.2681589105890755
cumulative,0,1000000,5,48,16500,-5472,-0.3333333333333333,28,0.001696969696969697,0.23120239067653575
cumulative,0,1000000,7,48,16501,-3349,-0.2,-48.79999999999973,-0.0029573965214229276,-0.3877297037529254
cumulative,0,1000000,11,48,16500,-1704,-0.1111111111111111,129.33333333333326,0.007838383838383834,1.013131957662161
cumulative,0,1000000,13,48,16500,-1528,-0.09090909090909091,-28,-0.001696969696969697,-0.21888606879176004
cumulative,0,1000000,17,48,16501,-1181,-0.06666666666666667,-80.9333333333334,-0.004904753247277947,-0.6314508401608733
cumulative,0,1000000,19,48,16500,-770,-0.058823529411764705,200.58823529411768,0.012156862745098041,1.5642860162837042
cumulative,0,1000000,5,54,16443,-5555,-0.3333333333333333,-74,-0.0045003953049930065,-0.6120930559487403
cumulative,0,1000000,7,54,16443,-3253,-0.2,35.600000000000364,0.002165055038618279,0.28335041500251124
cumulative,0,1000000,11,54,16444,-1920,-0.1111111111111111,-92.88888888888891,-0.005648801318954568,-0.7288825447544187
cumulative,0,1000000,13,54,16443,-1511,-0.09090909090909091,-16.181818181818244,-0.000984115926644666,-0.12671815787967747
cumulative,0,1000000,17,54,16443,-1047,-0.06666666666666667,49.200000000000045,0.00299215471629265,0.38454026766061644
cumulative,0,1000000,19,54,16443,-1093,-0.058823529411764705,-125.76470588235293,-0.007648525566037397,-0.9824736889027078
cumulative,0,1000000,5,64,8261,-2805,-0.3333333333333333,-51.333333333333485,-0.006213936972925008,-0.5990449567323143
cumulative,0,1000000,7,64,8260,-1692,-0.2,-40,-0.004842615012106538,-0.4491944183807709
cumulative,0,1000000,11,64,8261,-935,-0.1111111111111111,-17.1111111111112,-0.0020713123243083402,-0.18943464841111352
cumulative,0,1000000,13,64,8261,-725,-0.09090909090909091,26,0.003147318726546423,0.2872493793685643
cumulative,0,1000000,17,64,8261,-573,-0.06666666666666667,-22.26666666666665,-0.002695396037606422,-0.24553089480835932
cumulative,0,1000000,19,64,8260,-542,-0.058823529411764705,-56.117647058823536,-0.006793904002278878,-0.618531906313918
cumulative,0,2000000,5,2,14869,-5031,-0.3333333333333333,-74.66666666666697,-0.005021633375927565,-0.649474559607932
cumulative,0,2000000,7,2,14870,-2926,-0.2,48,0.0032279757901815735,0.40174468199228064
cumulative,0,2000000,11,2,14870,-1566,-0.1111111111111111,86.22222222222217,0.0057984009564372675,0.7114776198145472
cumulative,0,2000000,13,2,14870,-1310,-0.09090909090909091,41.818181818181756,0.0028122516353854578,0.34435922710461325
cumulative,0,2000000,17,2,14870,-1032,-0.06666666666666667,-40.66666666666663,-0.002734812822237164,-0.3342337807494368
cumulative,0,2000000,19,2,14870,-962,-0.058823529411764705,-87.29411764705878,-0.00587048538312433,-0.7171040459081577
cumulative,0,2000000,5,6,29418,-9770,-0.3333333333333333,36,0.0012237405669997961,0.2226241068785942
cumulative,0,2000000,7,6,29418,-5978,-0.2,-94.39999999999964,-0.003208919709021675,-0.561732829187622
cumulative,0,2000000,11,6,29417,-3365,-0.1111111111111111,-96.4444444444448,-0.003278527533210212,-0.5658164133515202
cumulative,0,2000000,13,6,29417,-2689,-0.09090909090909091,-14.72727272727252,-0.0005006381591349397,-0.08622341134027202
cumulative,0,2000000,17,6,29417,-2103,-0.06666666666666667,-141.8666666666668,-0.004822608242399524,-0.8289883440326123
cumulative,0,2000000,19,6,29418,-1572,-0.058823529411764705,158.47058823529414,0.005386857986106946,0.925539111004526
cumulative,0,2000000,5,8,14843,-5001,-0.3333333333333333,-53.33333333333394,-0.003593164005479616,-0.4643165303204048
cumulative,0,2000000,7,8,14844,-3010,-0.2,-41.19999999999982,-0.002775532201562909,-0.3451327140638429
cumulative,0,2000000,11,8,14842,-1540,-0.1111111111111111,109.11111111111109,0.007351509979188188,0.9011981274674371
cumulative,0,2000000,13,8,14843,-1157,-0.09090909090909091,192.3636363636365,0.012959889265218384,1.5854925168992529
cumulative,0,2000000,17,8,14844,-1034,-0.06666666666666667,-44.39999999999998,-0.002991107518189166,-0.36523698340640615
cumulative,0,2000000,19,8,14843,-889,-0.058823529411764705,-15.882352941176464,-0.0010700231045729612,-0.1305890241526123
cumulative,0,2000000,5,12,29522,-9946,-0.3333333333333333,-105.33333333333394,-0.003567960616941059,-0.6502332912943768
cumulative,0,2000000,7,12,29522,-5944,-0.2,-39.599999999999454,-0.0013413725357360427,-0.2352267355108917
cumulative,0,2000000,11,12,29522,-3246,-0.1111111111111111,34.22222222222217,0.00115921083335215,0.20041620537185095
cumulative,0,2000000,13,12,29523,-2719,-0.09090909090909091,-35.09090909090901,-0.0011885956403789929,-0.20507675573325368
cumulative,0,2000000,17,12,29521,-1959,-0.06666666666666667,9.066666666666606,0.0003071260007000646,0.0528870528912174
cumulative,0,2000000,19,12,29521,-1827,-0.058823529411764705,-90.47058823529414,-0.003064618008715631,-0.5274661075732435
cumulative,0,2000000,5,18,29543,-9699,-0.3333333333333333,148.66666666666606,0.005032212932561556,0.9174080951086692
cumulative,0,2000000,7,18,29544,-5746,-0.2,162.80000000000018,0.005510425128621723,0.966683123570198
cumulative,0,2000000,11,18,29543,-3233,-0.1111111111111111,49.5555555555552,0.001677404310853847,0.29010991244197637
cumulative,0,2000000,13,18,29543,-2523,-0.09090909090909091,162.72727272727298,0.005508149907838506,0.9506816488067055
cumulative,0,2000000,17,18,29544,-2032,-0.06666666666666667,-62.40000000000009,-0.0021121039805036585,-0.3638456543736215
cumulative,0,2000000,19,18,29543,-1775,-0.058823529411764705,-37.17647058823536,-0.0012583850857473973,-0.21666738270130131
cumulative,0,2000000,5,24,29535,-9965,-0.3333333333333333,-120,-0.004062976130015236,-0.7406090585133677
cumulative,0,2000000,7,24,29535,-5767,-0.2,140,0.004740138818351109,0.8314266319663269
cumulative,0,2000000,11,24,29536,-3180,-0.1111111111111111,101.77777777777737,0.0034458890092692773,0.5959017221028964
cumulative,0,2000000,13,24,29535,-2891,-0.09090909090909091,-206,-0.006974775689859489,-1.2036515928811433
cumulative,0,2000000,17,24,29535,-1981,-0.06666666666666667,-12,-0.00040629761300152364,-0.06998097812671623
cumulative,0,2000000,19,24,29535,-1693,-0.058823529411764705,44.352941176470495,0.0015017078441330793,0.25852742135142504
cumulative,0,2000000,5,32,14721,-4949,-0.3333333333333333,-42,-0.0028530670470756064,-0.3671612969449836
cumulative,0,2000000,7,32,14722,-2904,-0.2,40.40000000000009,0.002744192365167782,0.33983049014787425
cumulative,0,2000000,11,32,14721,-1619,-0.1111111111111111,16.666666666666515,0.0011321694631252304,0.13822213892947138
cumulative,0,2000000,13,32,14722,-1180,-0.09090909090909091,158.3636363636365,0.01075693766904201,1.3106119423580447
cumulative,0,2000000,17,32,14722,-944,-0.06666666666666667,37.4666666666667,0.0025449440746275437,0.30947737158443983
cumulative,0,2000000,19,32,14722,-790,-0.058823529411764705,76,0.005162342073087895,0.6274554026131353
cumulative,0,2000000,5,36,29654,-9946,-0.3333333333333333,-61.33333333333394,-0.002068298824217102,-0.37777323736731466
cumulative,0,2000000,7,36,29654,-5986,-0.2,-55.19999999999982,-0.0018614689417953672,-0.3271612204299789
cumulative,0,2000000,11,36,29654,-3408,-0.1111111111111111,-113.11111111111131,-0.0038143626866902042,-0.660938640641623
cumulative,0,2000000,13,36,29655,-2853,-0.09090909090909091,-157.090909090909,-0.0052972823837770695,-0.9160183019952644
cumulative,0,2000000,17,36,29654,-1986,-0.06666666666666667,-9.066666666666606,-0.0003057485218407839,-0.05276831877901989
cumulative,0,2000000,19,36,29655,-1817,-0.058823529411764705,-72.58823529411757,-0.002447757049203088,-0.42225028525326824
cumulative,0,2000000,5,46,15456,-5134,-0.3333333333333333,18,0.0011645962732919255,0.1535678173777354
cumulative,0,2000000,7,46,15455,-3015,-0.2,76,0.004917502426399224,0.6239409230233836
cumulative,0,2000000,11,46,15456,-1762,-0.1111111111111111,-44.66666666666674,-0.0028899240855762643,-0.3615201471151875
cumulative,0,2000000,13,46,15455,-1369,-0.09090909090909091,36,0.0023293432546101587,0.2907836999254751
cumulative,0,2000000,17,46,15456,-1202,-0.06666666666666667,-171.5999999999999,-0.011102484472049683,-1.3833624367980792
cumulative,0,2000000,19,46,15456,-854,-0.058823529411764705,55.17647058823525,0.003569906223358906,0.44458831080344346
cumulative,0,2000000,5,48,29556,-9824,-0.3333333333333333,28,0.0009473541751251861,0.1727473777411494
cumulative,0,2000000,7,48,29557,-5945,-0.2,-33.599999999999454,-0.0011367865480258299,-0.19946811569998701
cumulative,0,2000000,11,48,29556,-3322,-0.1111111111111111,-38,-0.0012856949519556096,-0.22241203491828423
cumulative,0,2000000,13,48,29556,-2762,-0.09090909090909091,-75.09090909090901,-0.002540631651472087,-0.4385979478717321
cumulative,0,2000000,17,48,29557,-1997,-0.06666666666666667,-26.533333333333303,-0.0008977004883219983,-0.15467812078754875
cumulative,0,2000000,19,48,29556,-1570,-0.058823529411764705,168.58823529411757,0.005704027449388197,0.9823293345359803
cumulative,0,2000000,5,54,29513,-9937,-0.3333333333333333,-99.33333333333394,-0.0033657484272467705,-0.6132881759375676
cumulative,0,2000000,7,54,29513,-5817,-0.2,85.60000000000036,0.0029004167654931847,0.508547436256583
cumulative,0,2000000,11,54,29514,-3552,-0.1111111111111111,-272.66666666666697,-0.009238553454857593,-1.5970390242726735
cumulative,0,2000000,13,54,29513,-2655,-0.09090909090909091,28,0.0009487344560024396,0.16366409545509836
cumulative,0,2000000,17,54,29513,-1983,-0.06666666666666667,-15.466666666666697,-0.0005240628423632534,-0.09023131710617355
cumulative,0,2000000,19,54,29513,-1815,-0.058823529411764705,-78.94117647058829,-0.002674793361250577,-0.4603091342887088
cumulative,0,2000000,5,64,14800,-5034,-0.3333333333333333,-100.66666666666697,-0.0068018018018018225,-0.8776696725158383
cumulative,0,2000000,7,64,14799,-2941,-0.2,18.800000000000182,0.0012703561051422517,0.1577270016802323
cumulative,0,2000000,11,64,14800,-1688,-0.1111111111111111,-43.55555555555566,-0.00294294294294295,-0.36025516482596665
cumulative,0,2000000,13,64,14800,-1250,-0.09090909090909091,95.4545454545455,0.006449631449631453,0.7878940455588095
cumulative,0,2000000,17,64,14800,-966,-0.06666666666666667,20.66666666666663,0.0013963963963963938,0.17025772537595157
cumulative,0,2000000,19,64,14799,-831,-0.058823529411764705,39.529411764705856,0.0026710866791476353,0.3255043854382346
cumulative,0,4000000,5,2,26858,-8952,-0.3333333333333333,0.6666666666660603,0.00002482190284704968,0.004314675785649523
cumulative,0,4000000,7,2,26859,-5397,-0.2,-25.199999999999818,-0.0009382329945269674,-0.15693506971462026
cumulative,0,4000000,11,2,26859,-3007,-0.1111111111111111,-22.66666666666697,-0.0008439132755004643,-0.13916827825598732
cumulative,0,4000000,13,2,26859,-2309,-0.09090909090909091,132.72727272727298,0.004941631212155068,0.8132373437236846
cumulative,0,4000000,17,2,26859,-1781,-0.06666666666666667,9.599999999999909,0.00035742209315312967,0.058707496829421835
cumulative,0,4000000,19,2,26859,-1583,-0.058823529411764705,-3.058823529411711,-0.00011388449046545706,-0.018696580344212076
cumulative,0,4000000,5,6,53223,-17673,-0.3333333333333333,68,0.001277643124213216,0.31263348989241546
cumulative,0,4000000,7,6,53223,-10765,-0.2,-120.39999999999964,-0.0022621798846363347,-0.5326490969967684
cumulative,0,4000000,11,6,53222,-6130,-0.1111111111111111,-216.44444444444434,-0.00406682282598257,-0.9440573194007236
cumulative,0,4000000,13,6,53222,-5048,-0.09090909090909091,-209.63636363636306,-0.00393890428086812,-0.9124794335056747
cumulative,0,4000000,17,6,53222,-3518,-0.06666666666666667,30.133333333333212,0.0005661819047261135,0.1309087965307171
cumulative,0,4000000,19,6,53223,-3129,-0.058823529411764705,1.7647058823527004,0.000033156828483037415,0.007662585536577764
cumulative,0,4000000,5,8,26675,-9073,-0.3333333333333333,-181.33333333333394,-0.006797875663855068,-1.1776105618694317
cumulative,0,4000000,7,8,26676,-5430,-0.2,-94.79999999999927,-0.0035537561853351053,-0.592396339710028
cumulative,0,4000000,11,8,26674,-2914,-0.1111111111111111,49.77777777777783,0.0018661534744611916,0.30668246626249135
cumulative,0,4000000,13,8,26675,-2373,-0.09090909090909091,52,0.0019493908153701968,0.3197077703454265
cumulative,0,4000000,17,8,26676,-1864,-0.06666666666666667,-85.60000000000014,-0.0032088768930874246,-0.5252676569449408
cumulative,0,4000000,19,8,26675,-1639,-0.058823529411764705,-69.88235294117658,-0.0026197695573074633,-0.4286156089157115
cumulative,0,4000000,5,12,53298,-18002,-0.3333333333333333,-236,-0.00442793350594769,-1.08425843129261
cumulative,0,4000000,7,12,53298,-10676,-0.2,-16.399999999999636,-0.0003077038538031378,-0.07250246549235519
cumulative,0,4000000,11,12,53298,-5970,-0.1111111111111111,-48,-0.0009005966452774963,-0.209210413126322
cumulative,0,4000000,13,12,53299,-4923,-0.09090909090909091,-77.63636363636306,-0.0014566195169958733,-0.33768184906628623
cumulative,0,4000000,17,12,53297,-3577,-0.06666666666666667,-23.866666666666788,-0.00044780506720203366,-0.10361142231560715
cumulative,0,4000000,19,12,53297,-3377,-0.058823529411764705,-241.88235294117658,-0.004538385893036692,-1.0495556723013082
cumulative,0,4000000,5,18,53447,-17725,-0.3333333333333333,90.66666666666424,0.0016963845803630558,0.4159702239307846
cumulative,0,4000000,7,18,53448,-10438,-0.2,251.60000000000036,0.004707379134860057,1.1107320176027649
cumulative,0,4000000,11,18,53447,-5895,-0.1111111111111111,43.55555555555566,0.0008149298474293348,0.1895742763974948
cumulative,0,4000000,13,18,53447,-4775,-0.09090909090909091,83.81818181818198,0.0015682485793062657,0.36406475032293567
cumulative,0,4000000,17,18,53448,-3698,-0.06666666666666667,-134.80000000000018,-0.002522077533303401,-0.5843747100270185
cumulative,0,4000000,19,18,53447,-3241,-0.058823529411764705,-97.05882352941171,-0.001815982628200118,-0.42055813081238513
cumulative,0,4000000,5,24,53346,-17800,-0.3333333333333333,-18,-0.0003374198627825891,-0.08266046347164664
cumulative,0,4000000,7,24,53346,-10714,-0.2,-44.79999999999927,-0.000839800547369986,-0.19796639161887736
cumulative,0,4000000,11,24,53347,-5859,-0.1111111111111111,68.44444444444434,0.0012830045634139567,0.2981815155984473
cumulative,0,4000000,13,24,53346,-4744,-0.09090909090909091,105.63636363636397,0.001980211517946312,0.4592662955046691
cumulative,0,4000000,17,24,53346,-3494,-0.06666666666666667,62.40000000000009,0.001169722190979644,0.2707702271279152
cumulative,0,4000000,19,24,53346,-2984,-0.058823529411764705,154,0.0028868143815843736,0.6679169548418855
cumulative,0,4000000,5,32,26595,-8883,-0.3333333333333333,-18,-0.0006768189509306261,-0.11707084930222886
cumulative,0,4000000,7,32,26596,-5270,-0.2,49.20000000000073,0.0018499022409385144,0.30790824907446096
cumulative,0,4000000,11,32,26595,-3079,-0.1111111111111111,-124,-0.004662530550855424,-0.7651017649044463
cumulative,0,4000000,13,32,26596,-2270,-0.09090909090909091,147.81818181818198,0.005557910280424951,0.9101684060092066
cumulative,0,4000000,17,32,26596,-1696,-0.06666666666666667,77.0666666666666,0.0028976788489497147,0.47361523356813984
cumulative,0,4000000,19,32,26596,-1694,-0.058823529411764705,-129.52941176470586,-0.004870259127865313,-0.795633221334215
cumulative,0,4000000,5,36,53546,-17870,-0.3333333333333333,-21.33333333333576,-0.00039841133480252044,-0.09778482517886697
cumulative,0,4000000,7,36,53546,-10732,-0.2,-22.799999999999272,-0.00042580211407013173,-0.1005624194675392
cumulative,0,4000000,11,36,53546,-5976,-0.1111111111111111,-26.444444444444343,-0.0004938640504322329,-0.11499221691194142
cumulative,0,4000000,13,36,53547,-4689,-0.09090909090909091,178.909090909091,0.0033411599325656152,0.7763666993340436
cumulative,0,4000000,17,36,53546,-3508,-0.06666666666666667,61.73333333333312,0.0011529028000846584,0.2673766395559816
cumulative,0,4000000,19,36,53547,-3065,-0.058823529411764705,84.82352941176487,0.0015840948962923202,0.36719896158333837
cumulative,0,4000000,5,46,27879,-9347,-0.3333333333333333,-54,-0.0019369417841385989,-0.34302946431235304
cumulative,0,4000000,7,46,27878,-5624,-0.2,-48.399999999999636,-0.0017361360212353697,-0.29585501697726185
cumulative,0,4000000,11,46,27879,-3155,-0.1111111111111111,-57.333333333333485,-0.002056506091801481,-0.3455143681948354
cumulative,0,4000000,13,46,27878,-2538,-0.09090909090909091,-3.6363636363635123,-0.00013043846891324745,-0.02186948527092543
cumulative,0,4000000,17,46,27879,-2001,-0.06666666666666667,-142.4000000000001,-0.005107787223358086,-0.8547490824285625
cumulative,0,4000000,19,46,27879,-1581,-0.058823529411764705,58.94117647058829,0.0021141782872623944,0.35361679345779634
cumulative,0,4000000,5,48,53469,-17797,-0.3333333333333333,26,0.0004862630683199611,0.11926103617007049
cumulative,0,4000000,7,48,53470,-10826,-0.2,-132,-0.0024686740228165326,-0.5826170939281418
cumulative,0,4000000,11,48,53469,-5923,-0.1111111111111111,18,0.00033664366268305,0.07832835216189976
cumulative,0,4000000,13,48,53469,-5005,-0.09090909090909091,-144.18181818181802,-0.002696549742501599,-0.6261256982938999
cumulative,0,4000000,17,48,53470,-3708,-0.06666666666666667,-143.33333333333348,-0.0026806308833613895,-0.6212399251425276
cumulative,0,4000000,19,48,53469,-2773,-0.058823529411764705,372.23529411764684,0.00696170293287039,1.6125723010346273
cumulative,0,4000000,5,54,53289,-17867,-0.3333333333333333,-104,-0.0019516222860252585,-0.47784914718450133
cumulative,0,4000000,7,54,53289,-10639,-0.2,18.80000000000109,0.0003527932593968941,0.08311960055560248
cumulative,0,4000000,11,54,53290,-6180,-0.1111111111111111,-258.8888888888896,-0.004858113884197591,-1.1284649316196305
cumulative,0,4000000,13,54,53289,-4907,-0.09090909090909091,-62.54545454545405,-0.0011737029132739224,-0.27206898095362037
cumulative,0,4000000,17,54,53289,-3673,-0.06666666666666667,-120.40000000000009,-0.0022593781080523204,-0.5227270223956073
cumulative,0,4000000,19,54,53289,-2987,-0.058823529411764705,147.64705882352928,0.0027706854852507885,0.6407058543980221
cumulative,0,4000000,5,64,26620,-8882,-0.3333333333333333,-8.66666666666788,-0.0003255697470573959,-0.05634097118270198
cumulative,0,4000000,7,64,26619,-5263,-0.2,60.80000000000018,0.0022840827980014342,0.3803400809890511
cumulative,0,4000000,11,64,26620,-2964,-0.1111111111111111,-6.222222222222172,-0.00023374238250271117,-0.03837417112807869
cumulative,0,4000000,13,64,26620,-2376,-0.09090909090909091,44,0.001652892561983471,0.270801280154532
cumulative,0,4000000,17,64,26620,-1748,-0.06666666666666667,26.666666666666742,0.0010017530678687733,0.163806811399193
cumulative,0,4000000,19,64,26619,-1435,-0.058823529411764705,130.82352941176464,0.004914667320777063,0.8032350866269958
cumulative,0,8000000,5,2,48616,-16442,-0.3333333333333333,-236.66666666666788,-0.00486808183862654,-1.138475642925365
cumulative,0,8000000,7,2,48617,-9763,-0.2,-39.600000000000364,-0.0008145298969496342,-0.18330127727098006
cumulative,0,8000000,11,2,48617,-5499,-0.1111111111111111,-97.11111111111131,-0.0019974723062120515,-0.44317204842848607
cumulative,0,8000000,13,2,48617,-4283,-0.09090909090909091,136.72727272727298,0.0028123346304229587,0.6226774454303334
cumulative,0,8000000,17,2,48617,-3317,-0.06666666666666667,-75.86666666666679,-0.0015604966712603984,-0.3448451915767981
cumulative,0,8000000,19,2,48617,-2803,-0.058823529411764705,56.823529411764866,0.0011687995847494677,0.2581587231182956
cumulative,0,8000000,5,6,96704,-32278,-0.3333333333333333,-43.33333333333576,-0.00044810280167661894,-0.14780058045128372
cumulative,0,8000000,7,6,96704,-19714,-0.2,-373.2000000000007,-0.0038591992058239653,-1.2248525181686445
cumulative,0,8000000,11,6,96703,-10949,-0.1111111111111111,-204.22222222222263,-0.002111849913882947,-0.6608159849331335
cumulative,0,8000000,13,6,96703,-9033,-0.09090909090909091,-241.81818181818198,-0.002500627507090597,-0.7808561586354584
cumulative,0,8000000,17,6,96703,-6349,-0.06666666666666667,97.86666666666679,0.0010120334081328065,0.3154148037497353
cumulative,0,8000000,19,6,96704,-5862,-0.058823529411764705,-173.5294117647063,-0.0017944388211936042,-0.5589893747836714
cumulative,0,8000000,5,8,48394,-16124,-0.3333333333333333,7.333333333332121,0.00015153393671389265,0.0353575307097287
cumulative,0,8000000,7,8,48395,-9765,-0.2,-86,-0.001777043082963116,-0.39899052977330074
cumulative,0,8000000,11,8,48393,-5337,-0.1111111111111111,40,0.0008265658256359391,0.18296424770499709
cumulative,0,8000000,13,8,48394,-4144,-0.09090909090909091,255.45454545454595,0.005278640853298879,1.1660574198821594
cumulative,0,8000000,17,8,48395,-3313,-0.06666666666666667,-86.66666666666652,-0.0017908186107380207,-0.3948381387929705
cumulative,0,8000000,19,8,48394,-2978,-0.058823529411764705,-131.294117647059,-0.0027130247065144234,-0.5978637010918758
cumulative,0,8000000,5,12,96894,-32554,-0.3333333333333333,-256,-0.0026420624600078436,-0.8723038395434579
cumulative,0,8000000,7,12,96894,-19700,-0.2,-321.2000000000007,-0.003314962742791099,-1.0531530203910815
cumulative,0,8000000,11,12,96894,-10936,-0.1111111111111111,-170,-0.0017544946023489586,-0.5495383366329546
cumulative,0,8000000,13,12,96895,-8729,-0.09090909090909091,79.63636363636397,0.000821883106830734,0.25689922825596073
cumulative,0,8000000,17,12,96893,-6197,-0.06666666666666667,262.53333333333285,0.0027095180594401335,0.8452895524905536
cumulative,0,8000000,19,12,96893,-5837,-0.058823529411764705,-137.41176470588198,-0.0014181805156810294,-0.4422118672662778
cumulative,0,8000000,5,18,96937,-32511,-0.3333333333333333,-198.66666666666788,-0.002049441045902678,-0.6767939669938343
cumulative,0,8000000,7,18,96938,-18896,-0.2,491.6000000000022,0.005071282675524585,1.6114959934043354
cumulative,0,8000000,11,18,96937,-10785,-0.1111111111111111,-14.222222222222626,-0.00014671613751428893,-0.04596425111111701
cumulative,0,8000000,13,18,96937,-8523,-0.09090909090909091,289.45454545454595,0.002986006844182778,0.9335501401935955
cumulative,0,8000000,17,18,96938,-6626,-0.06666666666666667,-163.46666666666715,-0.0016863012097079282,-0.5261982859433526
cumulative,0,8000000,19,18,96937,-5807,-0.058823529411764705,-104.82352941176487,-0.0010813572672123634,-0.3372614231496105
cumulative,0,8000000,5,24,96848,-32242,-0.3333333333333333,40.66666666666424,0.00041990197698108623,0.13860200376215184
cumulative,0,8000000,7,24,96848,-19330,-0.2,39.60000000000218,0.0004088881546340883,0.12987161498440322
cumulative,0,8000000,11,24,96849,-10663,-0.1111111111111111,98,0.0010118844799636548,0.3168662770387433
cumulative,0,8000000,13,24,96848,-8864,-0.09090909090909091,-59.63636363636397,-0.0006157727948575497,-0.19242783252629417
cumulative,0,8000000,17,24,96848,-6292,-0.06666666666666667,164.53333333333285,0.0016988820970317699,0.5298779139715141
cumulative,0,8000000,19,24,96848,-5242,-0.058823529411764705,454.9411764705883,0.00469747621500277,1.4644096954870853
cumulative,0,8000000,5,32,48311,-16053,-0.3333333333333333,50.66666666666606,0.0010487604617305801,0.24449815197387967
cumulative,0,8000000,7,32,48312,-9656,-0.2,6.399999999999636,0.00013247226361979707,0.02971781324613119
cumulative,0,8000000,11,32,48311,-5439,-0.1111111111111111,-71.11111111111131,-0.0014719445076920642,-0.32554570271135347
cumulative,0,8000000,13,32,48312,-4332,-0.09090909090909091,60,0.0012419274714356682,0.27411058356411183
cumulative,0,8000000,17,32,48312,-3212,-0.06666666666666667,8.800000000000182,0.0001821493624772351,0.04012568077442809
cumulative,0,8000000,19,32,48312,-2972,-0.058823529411764705,-130.11764705882342,-0.0026932780066820546,-0.5930091171870094
cumulative,0,8000000,5,36,97367,-32417,-0.3333333333333333,38.66666666666424,0.0003971229129650112,0.13143381115214192
cumulative,0,8000000,7,36,97367,-19381,-0.2,92.40000000000146,0.0009489868230509459,0.30222505144123146
cumulative,0,8000000,11,36,97367,-10817,-0.1111111111111111,1.5555555555547471,0.000015976209142263262,0.005016226609619184
cumulative,0,8000000,13,36,97368,-8774,-0.09090909090909091,77.63636363636397,0.0007973498853459449,0.2498383614616298
cumulative,0,8000000,17,36,97367,-6585,-0.06666666666666667,-93.86666666666679,-0.0009640501059565026,-0.3014898884661432
cumulative,0,8000000,19,36,97368,-5290,-0.058823529411764705,437.5294117647054,0.004493564741647208,1.4045972229639583
cumulative,0,8000000,5,46,50569,-16813,-0.3333333333333333,43.33333333333212,0.0008569149742595685,0.2043883680524721
cumulative,0,8000000,7,46,50568,-10222,-0.2,-108.39999999999964,-0.0021436481569371865,-0.49198943523971106
cumulative,0,8000000,11,46,50569,-5533,-0.1111111111111111,85.77777777777737,0.0016962522054574417,0.38382222974181435
cumulative,0,8000000,13,46,50568,-4582,-0.09090909090909091,15.090909090909008,0.00029842803929182505,0.06738753592386784
cumulative,0,8000000,17,46,50569,-3591,-0.06666666666666667,-219.73333333333358,-0.004345218084860954,-0.9793118532280118
cumulative,0,8000000,19,46,50569,-2991,-0.058823529411764705,-16.352941176470722,-0.00032337877309163165,-0.07284611066485808
cumulative,0,8000000,5,48,96821,-32261,-0.3333333333333333,12.666666666664241,0.00013082561290075749,0.043177134965574515
cumulative,0,8000000,7,48,96822,-19412,-0.2,-47.599999999998545,-0.0004916238045072251,-0.15612926366790597
cumulative,0,8000000,11,48,96821,-10903,-0.1111111111111111,-145.1111111111113,-0.001498756582880897,-0.46925985438749834
cumulative,0,8000000,13,48,96821,-8959,-0.09090909090909091,-157.0909090909081,-0.0016224879839178289,-0.5069537421230683
cumulative,0,8000000,17,48,96822,-6498,-0.06666666666666667,-43.19999999999982,-0.0004461795872838799,-0.13914383597942195
cumulative,0,8000000,19,48,96821,-5541,-0.058823529411764705,154.35294117647027,0.0015942093262460652,0.4969157989021447
cumulative,0,8000000,5,54,96870,-32404,-0.3333333333333333,-114,-0.0011768349334159182,-0.38849592045553266
cumulative,0,8000000,7,54,96870,-19462,-0.2,-88,-0.0009084339836894807,-0.2885708148298018
cumulative,0,8000000,11,54,96871,-11111,-0.1111111111111111,-347.55555555555657,-0.0035878183930748786,-1.1236339673234579
cumulative,0,8000000,13,54,96870,-8926,-0.09090909090909091,-119.63636363636397,-0.0012350197546852893,-0.3859851677722895
cumulative,0,8000000,17,54,96870,-6660,-0.06666666666666667,-202,-0.002085268917105399,-0.6504650543843077
cumulative,0,8000000,19,54,96870,-5364,-0.058823529411764705,334.23529411764684,0.0034503488605104452,1.0757474756473366
cumulative,0,8000000,5,64,48332,-16154,-0.3333333333333333,-43.33333333333394,-0.0008965764572815927,-0.20906482796606
cumulative,0,8000000,7,64,48331,-9727,-0.2,-60.79999999999927,-0.0012579917651196805,-0.28226372737373134
cumulative,0,8000000,11,64,48332,-5438,-0.1111111111111111,-67.77777777777828,-0.001402337535748123,-0.31021833180957514
cumulative,0,8000000,13,64,48332,-4404,-0.09090909090909091,-10.181818181818016,-0.00021066411863399025,-0.04650611018610635
cumulative,0,8000000,17,64,48332,-3128,-0.06666666666666667,94.13333333333321,0.0019476399348947531,0.42913437487715783
cumulative,0,8000000,19,64,48331,-2645,-0.058823529411764705,198,0.00409674949825164,0.9022044756782537
